0,-0.01,0,9
0,-0.01,0,9
0,-0.01,0,9
0,-0.01,0,9
-0.01,-0.01,0,9
-0.01,-0.01,0,9
-0.01,-0.01,0,9
-0.01,-0.01,0,9
-0.01,-0.01,0,9
0,-0.01,0,9
0,-0.01,0,9
0,-0.01,0,9
-0.01,-0.01,0,9
-0.01,-0.01,0,9
-0.01,-0.01,0,9
0,-0.01,0,9
0,-0.01,0,9
0,-0.01,0,9
-0.01,-0.01,0,9
-0.01,-0.01,0,9
0,-0.01,0,9
0,-0.01,0,9
0,-0.01,0,9
0,-0.01,0,9
-0.01,-0.01,0,9
-0.01,-0.01,0,9
-0.01,-0.01,0,9
-0.01,-0.01,0,9
-0.01,-0.01,0,9
-0.01,-0.01,0,9
-0.01,-0.01,0,9
-0.01,-0.01,0,9
-0.01,-0.01,0,9
0,-0.01,0,9
0,-0.01,0,9
0,-0.01,0,9
-0.01,-0.01,0,9
-0.01,-0.01,0,9
0,-0.01,0,9
0,-0.01,0,9
-0.01,-0.01,0,9
0,-0.01,0,9
0,-0.01,0,9
0,-0.01,0,9
-0.01,-0.01,0,9
-0.01,-0.01,0,9
-0.01,-0.01,0,9
-0.01,-0.01,0,9
0,-0.01,0,9
0,-0.01,0,9
0,-0.01,0,9
0,-0.01,0,9
0,-0.01,0,9
0,-0.01,0,9
0,-0.01,0,9
-0.01,-0.01,0,9
0,-0.01,0,9
0,-0.01,0,9
0,-0.01,0,9
0,-0.01,0,9
-0.01,-0.01,0,9
0,-0.01,0,9
-0.01,-0.01,0,9
-0.01,-0.01,0,9
-0.01,-0.01,0,9
0,-0.01,0,9
0,-0.01,0,9
0,-0.01,0,9
0,-0.01,-0.01,9
0,-0.01,-0.01,9
0,0,-0.01,9
0,0,0,9
0,-0.01,0,9
0,-0.01,0,9
-0.01,-0.01,0,9
-0.01,-0.02,0,9
0,-0.02,0,9
0,-0.01,0,9
-0.01,-0.01,0,9
-0.01,-0.01,0,9
-0.01,-0.01,0.01,9
0,-0.01,0.01,9
0,-0.01,0.01,9
-0.01,-0.01,0.01,9
-0.01,-0.01,0,9
0,-0.01,0,9
0,-0.01,0,9
0,-0.01,0,9
-0.01,-0.01,0,9
-0.01,-0.01,0,9
-0.01,-0.01,0,9
0,-0.01,0,9
0,-0.01,0,9
-0.01,-0.01,0,9
0,-0.01,0,9
0,-0.01,0,9
0,-0.01,0,9
0,-0.01,0,9
0,-0.01,0,9
-0.01,-0.01,0,9
-0.01,-0.01,0,9
0,-0.01,0,9
0,-0.01,0,9
-0.01,-0.01,0,9
-0.01,-0.01,0,9
-0.01,-0.01,0,9
-0.01,-0.01,0,9
0,-0.01,0,9
0,-0.01,0,9
0,-0.01,0,9
0,-0.01,0,9
-0.01,-0.01,0,9
-0.01,-0.01,0,9
-0.01,-0.01,0,9
-0.01,-0.01,0,9
-0.01,-0.01,-0.01,9
-0.01,-0.01,0,9
-0.01,-0.01,0,9
0,-0.01,0,9
0,-0.01,0,9
-0.01,-0.01,0,9
-0.01,-0.01,0,9
-0.01,-0.01,0,9
-0.01,-0.01,0,9
-0.01,-0.01,0,9
0,-0.01,0,9
0,-0.01,0,9
0,-0.01,0.01,9
0,-0.01,0.01,9
0,-0.01,0,9
0,-0.01,0,9
0,-0.01,0,9
0,-0.01,0,9
-0.01,-0.01,0,9
-0.01,-0.01,0,9
-0.01,-0.01,0,9
0,-0.01,0,9
0,-0.02,0,9
0,-0.01,0,9
-0.01,-0.01,-0.01,9
-0.01,-0.02,-0.01,9
-0.01,-0.01,0,9
0,-0.01,0,9
0,-0.01,0,9
0,-0.01,0,9
0,-0.01,0,9
-0.01,-0.01,-0.01,9
-0.01,-0.01,-0.01,9
-0.01,-0.02,-0.01,9
-0.01,-0.02,0,9
-0.01,-0.01,0,9
-0.01,-0.01,0,9
0,-0.01,0,9
0,-0.01,0.01,9
0,-0.01,0.01,9
0,-0.01,0.01,9
-0.01,-0.01,0.01,9
-0.01,0,0.01,9
-0.01,0,0.01,9
-0.01,0,0.01,9
-0.01,0,0.01,9
0,0.01,0.01,9
0.01,0,0.02,9
0.02,-0.02,0.03,9
0.02,-0.02,0.02,9
0.01,-0.03,0.01,9
0,-0.03,0,9
-0.01,-0.02,0,9
-0.01,-0.01,0,9
-0.01,0,0,9
-0.01,0,0.01,9
-0.01,0,0.01,9
-0.01,-0.01,0.01,9
-0.01,-0.01,0.01,9
-0.01,-0.01,0.01,9
-0.01,-0.01,0.01,9
-0.01,-0.01,0.01,9
0,-0.01,0.01,9
0,-0.01,0.01,9
0,-0.01,0.01,9
0,-0.01,0.01,9
-0.01,-0.01,0,9
-0.01,-0.01,0,9
-0.01,-0.01,0,9
-0.01,-0.01,0,9
-0.01,-0.02,0,9
0,-0.01,0,9
0,-0.01,0,9
0,-0.02,0,9
0,-0.01,0,9
-0.01,-0.01,0,9
-0.01,-0.01,0,9
-0.01,-0.02,0,9
0,-0.01,0,9
0,-0.01,0,9
-0.01,-0.01,0,9
-0.01,-0.01,0,9
-0.01,-0.01,-0.01,9
-0.01,-0.01,0,9
0,-0.01,0.01,9
-0.01,-0.02,0,9
-0.01,-0.01,0,9
-0.01,-0.01,0,9
-0.01,-0.01,-0.01,9
-0.01,0,-0.02,9
0,0,-0.02,9
0,0,-0.02,9
-0.01,0,-0.02,9
-0.01,0,-0.01,9
-0.01,-0.02,0,9
0,-0.02,0,9
0,-0.03,0,9
0,-0.03,0,9
0,-0.02,0.01,9
0,-0.01,0,9
0,-0.01,0,9
0,-0.01,-0.01,9
0,-0.01,-0.01,9
0,0,0,9
0,-0.01,0,9
-0.01,-0.01,0,9
-0.01,-0.01,0,9
-0.01,-0.01,0,9
-0.01,-0.01,0,9
-0.01,-0.01,0,9
-0.01,-0.01,0,9
-0.01,-0.01,0,9
-0.01,-0.01,0,9
-0.01,-0.01,0,9
-0.01,-0.01,0,9
0,-0.01,0.01,9
0,-0.01,0,9
0,-0.01,0,9
-0.01,-0.02,0,9
-0.01,-0.01,0,9
0,-0.01,0,9
0,-0.01,0,9
-0.01,-0.01,0,9
-0.01,-0.01,0,9
0,-0.01,0,9
0,-0.01,0,9
0,-0.01,0,9
-0.01,-0.01,0,9
-0.01,-0.01,0,9
0,-0.01,0,9
-0.01,-0.01,0,9
-0.01,-0.01,0,9
0,-0.01,0,9
0,-0.01,0,9
0,-0.01,0,9
-0.01,-0.01,0,9
-0.01,-0.01,0,9
0,-0.01,0,9
0,-0.01,0,9
-0.01,-0.01,0,9
-0.01,-0.01,0,9
0,-0.01,-0.01,9
0,-0.01,0,9
0,-0.01,0,9
-0.01,-0.01,0,9
-0.01,-0.01,0,9
-0.01,-0.01,0,9
0,-0.01,0,9
0,-0.01,0,9
0,-0.01,0,9
0,-0.01,0,9
-0.01,-0.01,0,9
-0.01,-0.01,0,9
-0.01,-0.01,0,9
0,-0.01,0,9
0,-0.01,0,9
0,-0.01,0,9
0,-0.01,0,9
-0.01,-0.01,0,9
-0.01,-0.01,-0.01,9
-0.01,-0.01,-0.01,9
-0.01,-0.01,0,9
-0.01,-0.01,0,9
-0.01,-0.01,-0.01,9
-0.01,-0.01,-0.01,9
-0.01,-0.01,-0.01,9
-0.01,-0.01,0,9
-0.01,-0.01,0,9
-0.01,-0.01,0,9
-0.01,-0.01,0,9
0,-0.01,0,9
0,-0.01,0,9
0,-0.01,0,9
0,-0.01,0,9
-0.01,-0.01,0,9
-0.01,-0.01,0,9
-0.01,-0.01,0,9
-0.01,-0.01,0,9
0,-0.01,0,9
0,-0.01,0,9
-0.01,-0.01,0,9
-0.01,-0.01,0,9
-0.01,-0.01,0,9
-0.01,-0.01,0,9
-0.01,-0.01,0,9
0,-0.01,0,9
0,-0.01,0,9
-0.01,-0.01,0,9
-0.01,-0.01,0,9
0,-0.01,0,9
0,-0.01,0,9
-0.02,-0.01,-0.01,9
-0.03,-0.01,-0.01,9
-0.02,0,-0.01,9
-0.01,0,-0.01,9
-0.01,-0.01,0,9
-0.01,-0.01,0,9
-0.01,-0.01,0,9
-0.01,-0.01,0,9
0,-0.01,0,9
0,-0.01,0,9
0,-0.01,0,9
0,0,0,9
0,-0.01,0,9
0,-0.01,0,9
0,-0.01,0,9
0,-0.01,0,9
0,-0.01,0,9
0,-0.01,0,9
0,-0.01,0,9
0,-0.01,0,9
0,-0.01,0,9
0,-0.01,0,9
0,-0.01,0,9
0,-0.01,0,9
0,-0.01,0,9
0,-0.01,0,9
0,-0.01,0,9
-0.01,-0.01,0,9
-0.01,-0.01,0,9
-0.01,-0.01,0,9
-0.01,-0.01,0,9
-0.01,-0.01,0,9
0,-0.01,0,9
0,-0.01,-0.01,9
-0.01,-0.01,-0.01,9
-0.01,-0.01,0,9
-0.01,-0.01,0,9
0,-0.01,0,9
0,-0.01,0,9
0,-0.01,0,9
0,-0.01,0,9
0,-0.01,0,9
-0.01,-0.01,0,9
-0.01,-0.01,0,9
-0.01,-0.01,0,9
-0.01,-0.01,-0.01,9
-0.01,-0.01,0,9
-0.01,-0.01,0,9
-0.01,-0.01,0,9
-0.01,-0.01,0,9
-0.01,-0.01,0,9
-0.01,-0.01,0,9
-0.01,-0.01,0,9
0,-0.01,0,9
0,-0.01,0,9
0,-0.01,0,9
0,-0.01,0,9
-0.01,-0.01,0,9
0,-0.01,0,9
0,-0.01,0,9
0,-0.01,0,9
-0.01,-0.01,0,9
-0.01,-0.01,0,9
-0.01,-0.01,0,9
-0.01,-0.01,0,9
-0.01,-0.01,0,9
-0.01,-0.01,0,9
0,-0.01,0,9
0,-0.01,0,9
-0.01,-0.01,0,9
-0.01,-0.01,0,9
-0.01,-0.01,0,9
-0.01,-0.01,0,9
0,-0.01,0,9
-0.01,-0.01,0,9
-0.01,-0.01,0.01,9
-0.01,-0.01,0.01,9
-0.01,-0.01,0,9
0,-0.01,0,9
0,-0.01,0,9
0,-0.01,0,9
-0.01,-0.01,0,9
-0.01,-0.01,0,9
0,-0.01,0,9
0,-0.01,0,9
-0.01,-0.01,0,9
-0.01,-0.01,0,9
-0.01,-0.01,0,9
0,-0.02,0,9
0,-0.01,0,9
0,-0.02,0,9
0,-0.01,0,9
0,-0.01,0,9
0,-0.01,0,9
0,-0.01,0,9
0,-0.01,0,9
0,-0.01,0,9
0,-0.01,0,9
0,-0.01,0,9
0,-0.01,0,9
0,-0.01,0,9
0,-0.01,0,9
0,-0.01,0,9
-0.01,-0.01,0,9
-0.01,-0.01,0,9
-0.01,-0.01,0,9
0,-0.01,0,9
-0.01,-0.01,0,9
-0.01,-0.01,0,9
-0.01,-0.01,0,9
-0.01,-0.01,0,9
-0.01,-0.01,0,9
-0.01,-0.01,0,9
-0.01,-0.01,0,9
-0.01,-0.01,0,9
0,-0.01,0,9
0,-0.01,0,9
-0.01,-0.01,0,9
-0.01,-0.01,0,9
-0.01,-0.01,0,9
-0.01,-0.01,0,9
-0.01,-0.01,0,9
-0.01,-0.01,0,9
0,-0.01,0,9
0,-0.01,0,9
0,-0.01,0,9
0,-0.01,0,9
-0.01,-0.01,0,9
-0.01,-0.01,0,9
-0.01,-0.01,0,9
-0.01,-0.01,-0.01,9
-0.01,-0.01,0,9
0,-0.01,0,9
-0.01,-0.01,0,9
-0.01,-0.01,0,9
0,-0.01,-0.01,9
-0.01,-0.01,-0.01,9
-0.01,-0.01,-0.01,9
-0.01,-0.01,0,9
-0.01,-0.01,0,9
-0.01,-0.01,0,9
0,-0.01,0,9
-0.01,0,0,9
-0.01,-0.01,0.01,9
-0.01,-0.01,0.01,9
0,-0.01,-0.02,9
0,-0.02,-0.02,9
-0.01,-0.02,0,9
-0.01,-0.01,0,9
-0.01,-0.01,0.01,9
-0.01,-0.01,0,9
-0.01,-0.01,0,9
-0.01,-0.01,0,9
0,-0.01,-0.01,9
0,0,-0.01,9
0,0.01,-0.01,9
0,0.01,0,9
0,0,0,9
-0.01,0.02,0.01,9
-0.01,0,0.01,9
0,0.02,0.02,9
0,0.04,0.02,9
0.01,0.02,0.01,9
0.01,-0.02,-0.01,9
0.01,-0.04,-0.02,9
-0.01,-0.03,-0.01,9
-0.03,-0.03,0,9
-0.03,-0.02,0.01,9
-0.02,-0.02,0,9
-0.01,-0.01,-0.01,9
0,0,0,9
-0.01,0,0.01,9
0,-0.01,0.01,9
0,-0.01,0,9
0,-0.01,0,9
0,-0.02,0.01,9
0.01,-0.01,0.01,9
0,-0.01,0.02,9
0,-0.01,0.01,9
0,-0.02,0.01,9
0,-0.02,0,9
0,-0.01,0,9
-0.01,-0.01,0.01,9
-0.01,-0.01,0,9
-0.01,-0.01,0,9
-0.01,-0.01,0,9
-0.01,-0.01,0,9
-0.01,-0.01,0,9
-0.01,-0.01,0,9
0,-0.01,0,9
0,-0.01,0,9
0,-0.01,0,9
0,-0.01,0,9
0,-0.01,0,9
0,-0.01,0,9
0,-0.01,0,9
0,-0.01,0,9
0,-0.01,-0.01,9
0,-0.01,0,9
0,-0.02,0,9
0,-0.01,0,9
0,-0.01,0,9
0,-0.01,0,9
0,-0.01,0,9
0,-0.01,0,9
0,-0.01,0,9
0,-0.01,0,9
0,-0.01,0,9
-0.01,-0.01,0,9
-0.01,-0.01,-0.01,9
-0.01,-0.01,-0.01,9
-0.01,-0.01,0,9
-0.01,-0.01,0,9
0,-0.01,0,9
0,-0.01,0,9
-0.01,-0.01,0,9
-0.01,-0.01,0,9
-0.01,-0.01,0,9
-0.01,-0.01,0,9
0,-0.01,0,9
0,-0.01,0,9
-0.01,-0.01,0,9
-0.01,-0.01,0,9
-0.01,-0.01,0,9
0,-0.01,0,9
0,-0.01,0,9
-0.01,-0.01,0,9
0,-0.01,0,9
0,-0.01,0,9
0,-0.01,0,9
0,-0.01,0,9
-0.01,-0.01,0,9
-0.01,-0.01,0,9
0,-0.01,0,9
0,-0.01,0,9
-0.01,-0.01,0,9
-0.01,-0.01,0,9
-0.01,-0.01,0,9
0,-0.01,0,9
0,-0.01,0,9
-0.01,-0.01,0,9
0,-0.01,0,9
0,-0.01,0,9
-0.01,-0.02,0,9
0,-0.01,0,9
-0.01,-0.01,0,9
-0.01,-0.01,0,9
-0.01,-0.01,0,9
-0.01,-0.01,0,9
-0.01,-0.01,0,9
-0.01,-0.01,0,9
0,-0.01,0,9
0,-0.01,0,9
0,-0.01,0,9
0,-0.01,0,9
-0.01,-0.01,0,9
0,-0.01,0,9
0,-0.01,0,9
-0.01,-0.01,0,9
-0.01,-0.01,0,9
-0.01,-0.01,0,9
-0.01,-0.01,0,9
-0.01,-0.01,0,9
-0.01,-0.01,0,9
-0.01,-0.01,-0.01,9
-0.01,-0.01,0,9
0,-0.01,0,9
0,-0.01,0,9
0,-0.01,0,9
0,-0.01,0,9
-0.01,-0.01,0,9
-0.01,-0.01,0,9
-0.01,-0.01,-0.01,9
-0.01,-0.01,0,9
0,-0.01,0,9
-0.01,-0.01,0,9
-0.01,-0.01,0,9
-0.01,-0.01,0,9
0,-0.01,0,9
0,-0.01,0,9
-0.01,-0.01,0,9
-0.01,-0.01,0,9
-0.01,-0.01,0,9
0,-0.01,0,9
0,-0.01,-0.01,9
0,-0.01,0,9
0,-0.01,0,9
0,-0.01,0,9
0,-0.01,0,9
0,-0.01,0,9
0,-0.01,0,9
0,-0.01,0,9
-0.01,-0.01,0,9
0,-0.01,0,9
-0.01,-0.01,0,9
-0.01,-0.01,0,9
-0.01,-0.01,0,9
-0.01,-0.01,0,9
-0.01,-0.01,0,9
-0.01,-0.01,0,9
-0.01,-0.01,0,9
-0.01,-0.01,0,9
0,-0.01,0,9
0,-0.01,0,9
0,-0.01,0,9
0,-0.01,0,9
-0.01,-0.01,0,9
0,-0.01,0,9
0,-0.01,0,9
0,-0.01,0,9
0,-0.01,0,9
0,-0.01,0,9
-0.01,-0.01,0,9
-0.01,-0.01,-0.01,9
-0.01,-0.01,-0.01,9
-0.01,-0.01,-0.01,9
-0.01,-0.02,0,9
-0.01,-0.01,0,9
-0.01,-0.01,0,9
-0.01,-0.01,-0.01,9
-0.01,-0.01,-0.01,9
-0.01,0,-0.01,9
-0.01,-0.01,0,9
0,-0.01,0,9
0,-0.01,0,9
0,-0.01,0,9
0,-0.01,0.01,9
0,-0.01,0.01,9
0,-0.02,0.01,9
0,-0.02,0,9
0,-0.01,0,9
-0.01,-0.01,0,9
-0.01,-0.01,0,9
-0.01,-0.01,0,9
-0.01,-0.01,0,9
-0.01,-0.01,0,9
-0.01,-0.01,-0.01,9
0,-0.01,0,9
0,-0.01,0.01,9
0.01,-0.01,0.01,9
0.01,-0.01,0.01,9
0,-0.01,0,9
0,-0.01,0,9
0,-0.01,0,9
0,-0.01,0,9
0,-0.01,0,9
-0.01,-0.01,0,9
-0.01,-0.01,-0.01,9
-0.01,-0.01,-0.01,9
-0.01,-0.01,-0.01,9
-0.01,-0.01,0,9
-0.01,-0.01,0,9
-0.01,-0.01,0,9
0,-0.01,0,9
0,-0.01,0,9
-0.01,-0.01,0,9
0,-0.01,0,9
0,-0.01,0,9
0,-0.01,0,9
-0.01,-0.01,0,9
-0.01,-0.01,0,9
-0.01,-0.01,0,9
0,-0.01,0,9
0,-0.01,0,9
-0.01,-0.01,0,9
-0.01,-0.01,0,9
-0.01,-0.01,0,9
-0.01,-0.01,0,9
-0.01,-0.01,0,9
-0.01,-0.01,0,9
-0.01,-0.01,0,9
-0.01,-0.01,-0.01,9
-0.02,-0.01,-0.01,9
-0.01,-0.01,-0.01,9
-0.01,-0.01,-0.01,9
-0.02,-0.01,-0.01,9
-0.02,-0.01,-0.01,9
-0.02,-0.01,-0.01,9
-0.02,-0.01,-0.01,9
-0.01,-0.02,-0.01,9
-0.01,-0.02,0,9
-0.02,-0.01,0,9
-0.02,-0.02,0,9
-0.02,-0.03,0,9
-0.02,-0.03,0,9
-0.03,-0.02,0,9
-0.02,-0.02,0,9
0,-0.02,0.02,9
0,-0.03,0.03,9
0,-0.03,0.03,9
-0.01,-0.02,0.02,9
-0.01,-0.01,0.02,9
0,-0.01,0.01,9
0,-0.01,0.02,9
0,-0.01,0.02,9
-0.01,-0.03,0.01,9
-0.02,-0.04,-0.01,9
-0.04,-0.04,-0.01,9
-0.04,-0.03,-0.01,9
-0.03,-0.02,-0.01,9
-0.02,-0.01,-0.02,9
-0.02,-0.01,-0.02,9
-0.02,-0.01,-0.04,9
-0.01,0,-0.04,9
0,-0.01,-0.04,9
0.02,0,-0.05,9
0.02,0.01,-0.04,9
0.02,0.01,-0.03,9
0.02,0.01,-0.03,9
0.01,0.01,-0.03,9
0.02,0,-0.03,9
0.02,-0.01,-0.03,9
0,-0.01,-0.01,9
-0.01,-0.01,0.01,9
0,-0.02,0.02,9
0,-0.03,0.03,9
0,-0.03,0.03,9
0,-0.02,0.01,9
0.01,-0.01,0,9
0.02,0.01,-0.01,9
0.04,0.02,0,9
0.04,0,0.01,9
0.04,-0.01,0.01,9
0.02,-0.03,0.02,9
0,0.01,-0.01,9
-0.01,0.01,0,9
-0.01,0,0.01,9
0,0,0,9
-0.01,0,0,9
-0.01,-0.01,0.01,9
-0.02,-0.01,0,9
-0.01,-0.01,0,9
0,-0.01,0,9
-0.01,-0.02,-0.01,9
-0.01,-0.01,-0.02,9
0,-0.01,-0.01,9
0,-0.01,0.01,9
0,-0.02,0,9
0,-0.01,-0.01,9
0,-0.01,-0.01,9
0,-0.01,-0.01,9
0,-0.02,-0.01,9
0.01,-0.02,0,9
0,-0.03,-0.01,9
-0.01,-0.02,-0.02,9
-0.01,0,0,9
0,0,-0.01,9
-0.01,-0.02,-0.01,9
0.01,-0.01,0.02,9
0,-0.02,0,9
0,-0.02,0,9
0,-0.01,0.01,9
-0.01,0,0.01,9
-0.02,0,0,9
-0.02,0.01,0,9
-0.02,0,0,9
-0.01,0,0,9
-0.01,0,0,9
0,0.01,0,9
0,0.01,0,9
0,0.02,0,9
0,0.01,0.01,9
0,0.01,0.01,9
0,0.01,0.01,9
0.01,0.02,0.01,9
0.01,0.02,0,9
0,0.02,0,9
0,0.01,0,9
0,0.01,0,9
0.01,0.01,0,9
0,0.01,0.01,9
0,0.01,0.01,9
0,0.01,0,9
0,0,0,9
-0.01,0,0,9
-0.01,0.01,-0.01,9
-0.01,0,-0.01,9
-0.04,0.02,0.02,9
0,0.02,0,9
0.01,0.02,0,9
0,0.02,0,9
-0.01,0.02,0.01,9
-0.02,0.01,0.01,9
-0.03,0.01,0,9
-0.02,0,0,9
0,0,0,9
0.01,0.01,0,9
0,0.02,0,9
0,0.02,0,9
0,0.02,0.01,9
0.01,0.01,0.01,9
0.01,0.01,0,9
0.01,0.01,0,9
0.01,0.01,0,9
0.01,0,-0.01,9
0,0,-0.01,9
0,0,0,9
0,0,0,9
0,-0.01,0,9
-0.01,-0.01,-0.01,9
-0.01,-0.02,-0.01,9
-0.01,-0.02,-0.02,9
-0.02,-0.03,-0.01,9
-0.01,-0.04,0,9
0,-0.04,-0.01,9
0.01,-0.02,-0.01,9
0.01,-0.01,-0.01,9
0.01,-0.02,0,9
0,-0.02,0,9
-0.01,-0.02,0,9
0,-0.02,0.01,9
0.01,-0.01,0,9
0.01,0,-0.01,9
0,0,0,9
0,0,0.02,9
0,0,0.01,9
0,0.01,0,9
-0.01,0.02,0,9
-0.01,0.02,0,9
-0.01,0.01,0,9
-0.02,0.01,0,9
-0.02,0.01,0,9
-0.01,0.01,0,9
-0.01,0.01,0.01,9
-0.01,0.01,0.01,9
0,0.01,0.01,9
0,0.01,0,9
0,0.01,0,9
0,0.02,0,9
0.01,0.01,0.01,9
0.01,-0.02,0.01,9
0,0.02,-0.03,9
-0.06,-0.02,-0.02,9
0.01,-0.01,0.02,9
0.01,0,0.03,9
0,0.01,0.03,9
-0.01,0.01,0.03,9
-0.01,0.01,0.01,9
-0.01,0.01,0.01,9
-0.01,0.01,0.01,9
0,0.02,0,9
0,0.02,0,9
0.01,0.02,0.01,9
0.01,0.02,0,9
0,0.01,0,9
0,0.01,0,9
0,0.01,0,9
0,0,0,9
0,0,0,9
0,0,0,9
0,0,0,9
0,-0.01,0,9
-0.01,-0.02,0.01,9
0,-0.02,0,9
0.02,-0.02,-0.01,9
0.02,-0.01,-0.01,9
0.01,-0.01,-0.01,9
0,-0.02,-0.01,9
0,-0.02,0,9
-0.01,-0.03,0,9
0,-0.03,0,9
0,-0.02,0,9
0,-0.02,0,9
0,-0.03,0.01,9
0,-0.03,0,9
0,-0.02,-0.01,9
-0.01,-0.01,-0.01,9
-0.01,0.01,0,9
-0.01,0.01,0.01,9
-0.02,0.01,0.02,9
-0.01,0.01,0.01,9
-0.01,0.01,0,9
-0.01,0.01,-0.01,9
-0.01,0.01,-0.01,9
0,0.01,0,9
0,0.01,0,9
0,0.02,0.01,9
0,0.02,0,9
0,0.02,0,9
0,0.01,-0.01,9
0,0.02,-0.01,9
0,0.01,-0.01,9
0.01,0.01,-0.01,9
0,0.01,0,9
0,0.01,0,9
0,0,-0.01,9
0,0,-0.01,9
0,0,-0.01,9
0,0,0,9
0,0,0.01,9
0.01,0,0.01,9
0,-0.01,0.01,9
0.01,-0.02,0,9
0.01,-0.01,-0.01,9
-0.02,0,0.01,9
-0.01,0,0,9
-0.01,0.01,0,9
-0.01,0.01,0,9
0,0.02,0,9
0.01,0.02,0,9
0,0.01,0,9
0,0.01,-0.01,9
0.01,0.01,0,9
0.01,0.01,0,9
0,0.01,0,9
0,0,0,9
0,-0.01,0,9
0,-0.01,-0.01,9
0,-0.01,0,9
0,-0.02,0,9
0.01,-0.01,-0.01,9
0,0,-0.02,9
-0.01,-0.01,-0.01,9
0.01,-0.02,0,9
0.01,-0.02,-0.01,9
0,-0.02,-0.01,9
0.01,-0.02,-0.03,9
0.02,-0.01,-0.02,9
-0.01,-0.02,0.01,9
-0.01,-0.04,0.01,9
-0.02,-0.04,0.01,9
-0.03,-0.03,0,9
-0.01,-0.02,-0.01,9
0.01,-0.01,0,9
0.01,-0.01,0,9
0.01,0,0,9
0,0.01,0.01,9
0,0.01,0.02,9
0,0.01,0.02,9
0,0.01,0.02,9
0,0.01,0.01,9
0,0.01,0.01,9
-0.01,0,0,9
-0.01,0.01,0,9
-0.02,0.01,0,9
-0.01,0.01,0.01,9
-0.01,0.01,0.01,9
-0.01,0.01,0,9
0,0.01,-0.01,9
0,0.02,-0.01,9
0,0.01,0,9
0,0.01,0,9
0,0.01,0,9
0,0.01,0,9
0,0.01,0,9
-0.01,0,0,9
0,-0.01,0,9
-0.01,0.02,0.01,9
-0.01,0.02,0.01,9
-0.01,0.01,0.01,9
-0.01,0.01,0.01,9
-0.01,0.02,0,9
-0.01,0.02,0.01,9
-0.01,0.01,0.01,9
-0.02,0.01,0,9
-0.01,0.01,0,9
0,0.01,0.01,9
0,0.01,0,9
0,0.02,0,9
0.01,0.01,0,9
0.01,0.01,0,9
0,0.01,0,9
0,0.01,-0.01,9
0,0.01,0,9
0,0.01,0.01,9
0,0,0,9
0,-0.01,0,9
0,-0.01,0,9
0,-0.01,0,9
0,-0.01,-0.01,9
0,-0.01,-0.01,9
-0.01,-0.01,-0.01,9
-0.01,-0.01,-0.01,9
0,-0.01,-0.01,9
0,-0.01,0,9
0,-0.01,-0.01,9
0,-0.01,-0.01,9
0,-0.01,-0.01,9
0,-0.02,0,9
0,-0.02,0,9
0.01,-0.01,0.01,9
0.01,-0.01,0.01,9
0,-0.01,0,9
-0.01,-0.01,-0.01,9
-0.02,-0.01,0,9
0,0,0.02,9
0.01,0,0.01,9
0,0.01,0.02,9
-0.01,0.02,0.02,9
-0.01,0.02,0.01,9
-0.01,0.01,0.01,9
-0.01,0.01,0.01,9
-0.02,0.01,0,9
-0.01,0,0,9
-0.01,0,0.01,9
0,0.01,0.01,9
0,0.02,0.01,9
0,0.02,0.01,9
0,0.02,0,9
0,0.02,0,9
0.01,-0.01,0,9
0,-0.02,0,9
-0.01,-0.02,0,9
-0.01,-0.01,-0.01,9
-0.01,0,0,9
-0.01,0,0,9
-0.01,0.01,0,9
-0.01,0.01,0,9
-0.01,0.02,0.01,9
0,0.02,0.01,9
0,0.01,0.02,9
0,0.01,0.01,9
-0.01,0.01,0,9
-0.01,0.01,-0.01,9
-0.01,0.01,0,9
-0.01,0,0,9
0,0.01,0,9
0.01,0.01,0.01,9
0.01,0.01,0,9
0.01,0.01,0,9
0.01,0.01,0,9
0,0.01,0,9
-0.01,0.01,-0.01,9
0,0,-0.01,9
0,0,0,9
0,-0.01,0,9
0,-0.01,0,9
0.01,-0.02,0,9
0,-0.02,0,9
0,-0.02,-0.01,9
0,-0.01,-0.01,9
0,-0.01,-0.01,9
0,-0.01,-0.01,9
0,-0.02,-0.02,9
0.01,0,-0.02,9
0.01,0,0,9
0.01,-0.02,0.01,9
0.01,-0.02,-0.01,9
0.02,-0.02,0,9
0,-0.02,0.01,9
-0.02,-0.02,0,9
-0.01,-0.01,0,9
-0.01,0,0.01,9
-0.01,0,0,9
-0.01,0,0,9
0,0,0,9
0,0.01,0.02,9
-0.01,0.01,0.01,9
0,0.01,0,9
0,0.02,0.01,9
-0.01,0.02,0.01,9
0,0.01,0,9
0.01,0.01,0.01,9
-0.01,-0.02,-0.01,9
0,-0.02,-0.02,9
0.01,-0.01,-0.02,9
0.01,-0.01,0,9
0,-0.02,0.01,9
0,-0.02,0,9
0,-0.01,-0.01,9
0,0,0,9
0,-0.01,0,9
0.01,-0.01,0.01,9
0,-0.01,0,9
-0.01,-0.01,0,9
-0.01,0,0,9
0,0.01,0.01,9
-0.01,0.01,0.02,9
-0.01,0.01,0.01,9
0,0.02,0,9
0,0.02,0.01,9
-0.01,0.01,0,9
-0.01,0.01,0,9
-0.01,0.01,0,9
-0.01,0.01,0,9
-0.01,0.01,0,9
0,0.01,0,9
0,0.01,0,9
0,0.01,0,9
0.01,0.01,0.01,9
0.01,0.01,0.01,9
0,0.01,0,9
-0.01,0.01,-0.01,9
0,0.01,0,9
0.01,0.01,0,9
0,0,0,9
-0.01,0,-0.01,9
-0.01,-0.01,0,9
0,-0.01,0,9
0,-0.02,-0.01,9
0.01,-0.02,-0.01,9
0.01,-0.01,0,9
0.01,-0.01,0,9
0,-0.01,0,9
0,-0.02,-0.01,9
0.01,-0.01,-0.01,9
0,-0.01,0.01,9
0,-0.02,0,9
0,-0.02,0,9
0,-0.01,0.01,9
-0.01,-0.01,0.01,9
-0.01,-0.02,0,9
-0.02,-0.02,-0.01,9
-0.01,-0.01,0,9
-0.01,0,0.01,9
0,0,0,9
0,-0.01,0,9
0,-0.02,0,9
0,-0.02,-0.01,9
0,-0.01,-0.02,9
0,0,-0.02,9
-0.01,-0.01,0,9
-0.01,-0.02,0,9
0,-0.01,-0.01,9
0.01,-0.01,0,9
0,-0.02,0,9
0,-0.02,0,9
0.01,-0.02,0.01,9
0,-0.02,0.01,9
-0.01,-0.01,0,9
-0.01,-0.01,0,9
-0.01,-0.01,0,9
0,-0.01,0,9
0,0,0,9
0.01,0,0.01,9
0,0.01,0.01,9
-0.01,0.01,0.01,9
0,0.01,0.01,9
0,0.01,0.01,9
0,0.01,0,9
0,0.01,0,9
0,0.01,0,9
-0.01,0.01,0,9
0,0.01,0,9
0,0.01,0,9
0,0.01,0,9
0,0.01,0,9
0,0.01,-0.01,9
0,0.01,-0.01,9
0,0.01,-0.01,9
0,0.01,-0.01,9
0.01,0.01,-0.01,9
0.01,0.01,0,9
0,0.01,0,9
-0.01,0.01,-0.01,9
-0.01,0.01,-0.02,9
-0.01,0,-0.02,9
-0.02,0,-0.02,9
-0.01,0,-0.02,9
0.01,-0.01,-0.01,9
0.01,-0.01,-0.01,9
0.01,0,-0.01,9
0,0.01,-0.01,9
0.02,0.02,-0.01,9
0.02,0.02,-0.01,9
0,0,0,9
0,-0.01,0,9
0.01,0,0,9
0,0,0.01,9
0.01,-0.02,0,9
0,-0.01,-0.01,9
-0.01,-0.01,0,9
-0.01,-0.01,0.01,9
0,-0.01,0.01,9
0,-0.01,0.01,9
0,-0.02,0.01,9
0,-0.01,0,9
0,-0.01,0,9
-0.01,-0.01,0,9
-0.01,-0.01,0,9
-0.01,-0.01,0,9
-0.01,-0.01,-0.01,9
-0.01,-0.01,-0.01,9
-0.01,-0.01,0,9
-0.01,-0.01,0,9
-0.01,-0.01,0,9
-0.01,-0.01,0,9
-0.01,-0.01,0,9
-0.01,-0.01,0,9
-0.01,-0.01,0,9
-0.01,-0.01,0.01,9
0,-0.01,0,9
0,-0.01,0,9
0,-0.01,0,9
0,-0.01,0,9
0,-0.01,0,9
0,-0.01,0,9
0,-0.01,0,9
0,-0.01,0,9
0,-0.01,0,9
0,0,0,9
0,-0.01,0,9
0,-0.01,0,9
0,0,0,9
0,0,0,9
0,-0.01,0,9
0,-0.01,0,9
0,-0.01,0,9
0,-0.01,0,9
0,-0.01,0,9
0,-0.01,0,9
0,-0.01,0,9
0,-0.01,0,9
0,-0.01,0,9
0,-0.01,0,9
0,-0.01,0,9
